District,Inc.,Candidates,Dem Candidate,Rep Candidate
N.H. 1,Dem.,"C. PAPPAS
K. LEAVITT",C. PAPPAS,K. LEAVITT
Va. 2,Dem.,"E. LURIA
J. KIGGANS",E. LURIA,J. KIGGANS
Calif. 13,Open,"A. GRAY
J. DUARTE",A. GRAY,J. DUARTE
Nev. 3,Dem.,"S. LEE
A. BECKER",S. LEE,A. BECKER
Ore. 4,Open,"V. HOYLE
A. SKARLATOS",V. HOYLE,A. SKARLATOS
Kan. 3,Dem.,"S. DAVIDS
A. ADKINS",S. DAVIDS,A. ADKINS
Calif. 49,Dem.,"M. LEVIN
B. MARYOTT",M. LEVIN,B. MARYOTT
Pa. 17,Open,"C. DeLUZIO
J. SHAFFER",C. DeLUZIO,J. SHAFFER
Alaska,Dem.,"M. PELTOLA
–",M. PELTOLA,–
Nev. 1,Dem.,"D. TITUS
M. ROBERTSON",D. TITUS,M. ROBERTSON
N.Y. 22,Open,"F. CONOLE
B. WILLIAMS",F. CONOLE,B. WILLIAMS
N.H. 2,Dem.,"A. KUSTER
B. BURNS",A. KUSTER,B. BURNS
Va. 7,Dem.,"A. SPANBERGER
Y. VEGA",A. SPANBERGER,Y. VEGA
Mich. 7,Dem.,"E. SLOTKIN
T. BARRETT",E. SLOTKIN,T. BARRETT
N.Y. 3,Open,"R. ZIMMERMAN
G. SANTOS",R. ZIMMERMAN,G. SANTOS
Minn. 2,Dem.,"A. CRAIG
T. KISTNER",A. CRAIG,T. KISTNER
Ill. 13,Open,"N. BUDZINSKI
R. DEERING",N. BUDZINSKI,R. DEERING
N.C. 1,Open,"DONALD DAVIS
S. SMITH",DONALD DAVIS,S. SMITH
Nev. 4,Dem.,"S. HORSFORD
S. PETERS",S. HORSFORD,S. PETERS
Ga. 2,Dem.,"S. BISHOP
C. WEST",S. BISHOP,C. WEST
Mich. 3,Open,"H. SCHOLTEN
J. GIBBS",H. SCHOLTEN,J. GIBBS
N.Y. 19,Open,"J. RILEY
M. MOLINARO",J. RILEY,M. MOLINARO
Wash. 8,Dem.,"K. SCHRIER
M. LARKIN",K. SCHRIER,M. LARKIN
Pa. 8,Dem.,"M. CARTWRIGHT
J. BOGNET",M. CARTWRIGHT,J. BOGNET
Ill. 17,Open,"E. SORENSEN
E. KING",E. SORENSEN,E. KING
Ore. 6,Open,"A. SALINAS
M. ERICKSON",A. SALINAS,M. ERICKSON
Calif. 27,Rep.,"C. SMITH
M. GARCIA",C. SMITH,M. GARCIA
Mich. 8,Dem.,"D. KILDEE
P. JUNGE",D. KILDEE,P. JUNGE
Md. 6,Dem.,"D. TRONE
N. PARROTT",D. TRONE,N. PARROTT
Ohio 9,Dem.,"M. KAPTUR
J. MAJEWSKI",M. KAPTUR,J. MAJEWSKI
Tex. 34,Rep.,"V. GONZALEZ
M. FLORES",V. GONZALEZ,M. FLORES
Ariz. 4,Dem.,"G. STANTON
K. COOPER",G. STANTON,K. COOPER
Calif. 47,Dem.,"K. PORTER
S. BAUGH",K. PORTER,S. BAUGH
Me. 2,Dem.,"J. GOLDEN
B. POLIQUIN",J. GOLDEN,B. POLIQUIN
Ill. 6,Dem.,"S. CASTEN
K. PEKAU",S. CASTEN,K. PEKAU
N.Y. 18,Dem.,"P. RYAN
C. SCHMITT",P. RYAN,C. SCHMITT
Colo. 8,Open,"Y. CARAVEO
B. KIRKMEYER",Y. CARAVEO,B. KIRKMEYER
Iowa 3,Dem.,"C. AXNE
Z. NUNN",C. AXNE,Z. NUNN
Colo. 7,Open,"B. PETTERSEN
E. AADLAND",B. PETTERSEN,E. AADLAND
Conn. 5,Dem.,"J. HAYES
G. LOGAN",J. HAYES,G. LOGAN
Ill. 11,Dem.,"B. FOSTER
C. LAUF",B. FOSTER,C. LAUF
N.M. 1,Dem.,"M. STANSBURY
M. HOLMES",M. STANSBURY,M. HOLMES
Ind. 1,Dem.,"F. MRVAN
J. GREEN",F. MRVAN,J. GREEN
N.M. 3,Dem.,"T. FERNANDEZ
A. JOHNSON",T. FERNANDEZ,A. JOHNSON
Ohio 1,Rep.,"G. LANDSMAN
S. CHABOT",G. LANDSMAN,S. CHABOT
Neb. 2,Rep.,"T. VARGAS
D. BACON",T. VARGAS,D. BACON
N.M. 2,Rep.,"G. VASQUEZ
Y. HERRELL",G. VASQUEZ,Y. HERRELL
Pa. 6,Dem.,"C. HOULAHAN
G. CIARROCCHI",C. HOULAHAN,G. CIARROCCHI
N.Y. 1,Open,"B. FLEMING
N. LALOTA",B. FLEMING,N. LALOTA
Ore. 5,Open,"J. McLEOD-SKINNER
L. DEREMER",J. McLEOD-SKINNER,L. DEREMER
Ohio 13,Open,"E. SYKES
M. GILBERT",E. SYKES,M. GILBERT
N.C. 13,Open,"W. NICKEL
B. HINES",W. NICKEL,B. HINES
Calif. 21,Dem.,"J. COSTA
M. MAHER",J. COSTA,M. MAHER
Pa. 7,Dem.,"S. WILD
L. SCHELLER",S. WILD,L. SCHELLER
R.I. 2,Open,"S. MAGAZINER
A. FUNG",S. MAGAZINER,A. FUNG
N.C. 6,Dem.,"K. MANNING
C. CASTELLI",K. MANNING,C. CASTELLI
N.Y. 17,Dem.,"S. MALONEY
M. LAWLER",S. MALONEY,M. LAWLER
N.Y. 4,Open,"L. GILLEN
A. D'ESPOSITO",L. GILLEN,A. D'ESPOSITO
Ill. 8,Dem.,"R. KRISHNAMOORTHI
C. DARGIS",R. KRISHNAMOORTHI,C. DARGIS
Tex. 28,Dem.,"H. CUELLAR
C. GARCIA",H. CUELLAR,C. GARCIA
Fla. 23,Open,"J. MOSKOWITZ
J. BUDD",J. MOSKOWITZ,J. BUDD
N.J. 7,Dem.,"T. MALINOWSKI
T. KEAN",T. MALINOWSKI,T. KEAN
Calif. 6,Dem.,"A. BERA
T. HAMILTON",A. BERA,T. HAMILTON
Calif. 45,Rep.,"J. CHEN
M. STEEL",J. CHEN,M. STEEL
Calif. 26,Dem.,"J. BROWNLEY
M. JACOBS",J. BROWNLEY,M. JACOBS
Ill. 14,Dem.,"L. UNDERWOOD
S. GRYDER",L. UNDERWOOD,S. GRYDER
N.J. 5,Dem.,"J. GOTTHEIMER
F. PALLOTTA",J. GOTTHEIMER,F. PALLOTTA
N.C. 14,Open,"J. JACKSON
P. HARRIGAN",J. JACKSON,P. HARRIGAN
Ariz. 6,Open,"K. ENGEL
J. CISCOMANI",K. ENGEL,J. CISCOMANI
Calif. 41,Rep.,"W. ROLLINS
K. CALVERT",W. ROLLINS,K. CALVERT
Calif. 9,Dem.,"J. HARDER
T. PATTI",J. HARDER,T. PATTI
N.Y. 25,Dem.,"J. MORELLE
L. SINGLETARY",J. MORELLE,L. SINGLETARY
Tex. 15,Open,"M. VALLEJO
M. CRUZ",M. VALLEJO,M. CRUZ
N.J. 3,Dem.,"A. KIM
B. HEALEY",A. KIM,B. HEALEY
Ariz. 1,Rep.,"J. HODGE
D. SCHWEIKERT",J. HODGE,D. SCHWEIKERT
Va. 10,Dem.,"J. WEXTON
H. CAO",J. WEXTON,H. CAO
Calif. 22,Rep.,"R. SALAS
D. VALADAO",R. SALAS,D. VALADAO
Mich. 10,Open,"C. MARLINGA
J. JAMES",C. MARLINGA,J. JAMES
Calif. 3,Open,"K. JONES
K. KILEY",K. JONES,K. KILEY
Fla. 9,Dem.,"D. SOTO
S. MOORE",D. SOTO,S. MOORE
Mont. 1,Open,"M. TRANEL
R. ZINKE",M. TRANEL,R. ZINKE
Wash. 10,Dem.,"M. STRICKLAND
K. SWANK",M. STRICKLAND,K. SWANK
Ill. 10,Dem.,"B. SCHNEIDER
J. SEVERINO",B. SCHNEIDER,J. SEVERINO
N.J. 11,Dem.,"M. SHERRILL
P. DEGROOT",M. SHERRILL,P. DEGROOT
Fla. 22,Dem.,"L. FRANKEL
D. FRANZESE",L. FRANKEL,D. FRANZESE
Fla. 25,Dem.,"D. WASSERMAN SCHULTZ
C. SPALDING",D. WASSERMAN SCHULTZ,C. SPALDING
Iowa 1,Rep.,"C. BOHANNAN
M. MILLER-MEEKS",C. BOHANNAN,M. MILLER-MEEKS
Mich. 11,Dem.,"H. STEVENS
M. AMBROSE",H. STEVENS,M. AMBROSE
Minn. 3,Dem.,"D. PHILLIPS
T. WEILER",D. PHILLIPS,T. WEILER
Wash. 3,Open,"M. PÉREZ
J. KENT",M. PÉREZ,J. KENT
Calif. 25,Dem.,"R. RUIZ
B. HAWKINS",R. RUIZ,B. HAWKINS
N.J. 2,Rep.,"T. ALEXANDER
J. DREW",T. ALEXANDER,J. DREW
Pa. 1,Rep.,"A. EHASZ
B. FITZPATRICK",A. EHASZ,B. FITZPATRICK
Fla. 4,Open,"L. HOLLOWAY
A. BEAN",L. HOLLOWAY,A. BEAN
Mass. 9,Dem.,"B. KEATING
J. BROWN",B. KEATING,J. BROWN
Fla. 13,Open,"E. LYNN
A. LUNA",E. LYNN,A. LUNA
Pa. 12,Open,"S. LEE
M. DOYLE",S. LEE,M. DOYLE
Calif. 33,Dem.,"P. AGUILAR
J. PORTER",P. AGUILAR,J. PORTER
Calif. 40,Rep.,"A. MAHMOOD
Y. KIM",A. MAHMOOD,Y. KIM
Wash. 6,Dem.,"D. KILMER
E. KREISELMAIER",D. KILMER,E. KREISELMAIER
Wis. 3,Open,"B. PFAFF
D. ORDEN",B. PFAFF,D. ORDEN
Fla. 14,Dem.,"K. CASTOR
J. JUDGE",K. CASTOR,J. JUDGE
N.J. 1,Dem.,"D. NORCROSS
C. GUSTAFSON",D. NORCROSS,C. GUSTAFSON
N.Y. 2,Rep.,"J. GORDON
A. GARBARINO",J. GORDON,A. GARBARINO
Ky. 3,Open,"M. McGARVEY
S. RAY",M. McGARVEY,S. RAY
Fla. 15,Open,"A. COHN
L. LEE",A. COHN,L. LEE
Fla. 27,Rep.,"A. TADDEO
M. SALAZAR",A. TADDEO,M. SALAZAR
Pa. 4,Dem.,"M. DEAN
C. NASCIMENTO",M. DEAN,C. NASCIMENTO
Va. 5,Rep.,"J. THRONEBURG
B. GOOD",J. THRONEBURG,B. GOOD
Md. 2,Dem.,"D. RUPPERSBERGER
N. AMBROSE",D. RUPPERSBERGER,N. AMBROSE
Del.,Dem.,"L. ROCHESTER
L. MURPHY",L. ROCHESTER,L. MURPHY
Fla. 7,Open,"K. GREEN
C. MILLS",K. GREEN,C. MILLS
N.Y. 11,Rep.,"M. ROSE
N. MALLIOTAKIS",M. ROSE,N. MALLIOTAKIS
Iowa 2,Rep.,"L. MATHIS
A. HINSON",L. MATHIS,A. HINSON
N.J. 6,Dem.,"F. PALLONE
S. KILEY",F. PALLONE,S. KILEY
N.Y. 20,Dem.,"P. TONKO
E. JOY",P. TONKO,E. JOY
N.C. 9,Rep.,"B. CLARK
R. HUDSON",B. CLARK,R. HUDSON
Wash. 2,Dem.,"R. LARSEN
D. MATTHEWS",R. LARSEN,D. MATTHEWS
N.C. 11,Open,"J. FERRARA
C. EDWARDS",J. FERRARA,C. EDWARDS
Ariz. 2,Dem.,"T. O'HALLERAN
E. CRANE",T. O'HALLERAN,E. CRANE
Wis. 1,Rep.,"A. ROE
B. STEIL",A. ROE,B. STEIL
Tex. 23,Rep.,"J. LIRA
T. GONZALES",J. LIRA,T. GONZALES
Conn. 2,Dem.,"J. COURTNEY
M. FRANCE",J. COURTNEY,M. FRANCE
Fla. 28,Rep.,"R. ASENCIO
C. GIMENEZ",R. ASENCIO,C. GIMENEZ
Ga. 6,Open,"B. CHRISTIAN
R. McCORMICK",B. CHRISTIAN,R. McCORMICK
N.C. 7,Rep.,"C. GRAHAM
D. ROUZER",C. GRAHAM,D. ROUZER
Pa. 10,Rep.,"S. DANIELS
S. PERRY",S. DANIELS,S. PERRY
Fla. 21,Rep.,"C. ROBINSON
B. MAST",C. ROBINSON,B. MAST
R.I. 1,Dem.,"D. CICILLINE
A. WATERS",D. CICILLINE,A. WATERS
Mich. 4,Rep.,"J. ALFONSO
B. HUIZENGA",J. ALFONSO,B. HUIZENGA
Me. 1,Dem.,"C. PINGREE
E. THELANDER",C. PINGREE,E. THELANDER
Calif. 23,Rep.,"D. MARSHALL
J. OBERNOLTE",D. MARSHALL,J. OBERNOLTE
Mass. 1,Dem.,"R. NEAL
D. MARTILLI",R. NEAL,D. MARTILLI
S.C. 2,Rep.,"J. LARKINS
J. WILSON",J. LARKINS,J. WILSON
Conn. 4,Dem.,"J. HIMES
J. STEVENSON",J. HIMES,J. STEVENSON
Ky. 6,Rep.,"G. YOUNG
A. BARR",G. YOUNG,A. BARR
Tenn. 5,Open,"H. CAMPBELL
A. OGLES",H. CAMPBELL,A. OGLES
Ohio 7,Open,"M. DIEMER
M. MILLER",M. DIEMER,M. MILLER
Colo. 6,Dem.,"J. CROW
S. MONAHAN",J. CROW,S. MONAHAN
Minn. 1,Rep.,"J. ETTINGER
B. FINSTAD",J. ETTINGER,B. FINSTAD
Calif. 24,Dem.,"S. CARBAJAL
B. ALLEN",S. CARBAJAL,B. ALLEN
Mo. 2,Rep.,"T. GUNBY
A. WAGNER",T. GUNBY,A. WAGNER
Ga. 7,Dem.,"L. McBATH
M. GONSALVES",L. McBATH,M. GONSALVES
Ark. 2,Rep.,"Q. HATHAWAY
F. HILL",Q. HATHAWAY,F. HILL
Md. 3,Dem.,"J. SARBANES
Y. MORGAN",J. SARBANES,Y. MORGAN
Calif. 31,Dem.,"G. NAPOLITANO
D. MARTINEZ",G. NAPOLITANO,D. MARTINEZ
Fla. 2,Rep.,"A. LAWSON
N. DUNN",A. LAWSON,N. DUNN
S.C. 1,Rep.,"A. ANDREWS
N. MACE",A. ANDREWS,N. MACE
N.J. 9,Dem.,"B. PASCRELL
B. PREMPEH",B. PASCRELL,B. PREMPEH
Mo. 5,Dem.,"E. CLEAVER
J. TURK",E. CLEAVER,J. TURK
Colo. 3,Rep.,"A. FRISCH
L. BOEBERT",A. FRISCH,L. BOEBERT
Calif. 39,Dem.,"M. TAKANO
A. SMITH",M. TAKANO,A. SMITH
Fla. 11,Rep.,"S. MUNNS
D. WEBSTER",S. MUNNS,D. WEBSTER
Ga. 12,Rep.,"L. JOHNSON
R. ALLEN",L. JOHNSON,R. ALLEN
N.C. 12,Dem.,"A. ADAMS
T. LEE",A. ADAMS,T. LEE
Minn. 8,Rep.,"J. SCHULTZ
P. STAUBER",J. SCHULTZ,P. STAUBER
Ohio 15,Rep.,"G. JOSEPHSON
M. CAREY",G. JOSEPHSON,M. CAREY
Ariz. 7,Dem.,"R. GRIJALVA
L. POZZOLO",R. GRIJALVA,L. POZZOLO
Wash. 5,Rep.,"N. HILL
C. McMORRIS RODGERS",N. HILL,C. McMORRIS RODGERS
Tex. 3,Open,"S. SANDEEPIVASTAVA
K. SELF",S. SANDEEPIVASTAVA,K. SELF
Neb. 1,Rep.,"P. BROOKS
M. FLOOD",P. BROOKS,M. FLOOD
Ga. 1,Rep.,"W. HERRING
E. CARTER",W. HERRING,E. CARTER
Pa. 5,Dem.,"M. SCANLON
D. GALLUCH",M. SCANLON,D. GALLUCH
Calif. 51,Dem.,"S. JACOBS
S. CAPLAN",S. JACOBS,S. CAPLAN
Fla. 5,Open,"–
–",–,–
Colo. 5,Rep.,"D. TORRES
D. LAMBORN",D. TORRES,D. LAMBORN
Calif. 5,Rep.,"M. BARKLEY
T. McCLINTOCK",M. BARKLEY,T. McCLINTOCK
Mass. 3,Dem.,"L. TRAHAN
D. TRAN",L. TRAHAN,D. TRAN
N.Y. 24,Rep.,"S. HOLDEN
C. TENNEY",S. HOLDEN,C. TENNEY
N.J. 12,Dem.,"B. COLEMAN
D. MAYFIELD",B. COLEMAN,D. MAYFIELD
Va. 1,Rep.,"H. JONES
R. WITTMAN",H. JONES,R. WITTMAN
N.Y. 23,Open,"M. PIA
N. LANGWORTHY",M. PIA,N. LANGWORTHY
Conn. 3,Dem.,"R. DeLAURO
L. DENARDIS",R. DeLAURO,L. DENARDIS
Fla. 10,Open,"M. FROST
C. WIMBISH",M. FROST,C. WIMBISH
Conn. 1,Dem.,"J. LARSON
L. LAZOR",J. LARSON,L. LAZOR
Fla. 16,Rep.,"J. SCHNEIDER
V. BUCHANAN",J. SCHNEIDER,V. BUCHANAN
Calif. 48,Rep.,"S. HOULAHAN
D. ISSA",S. HOULAHAN,D. ISSA
N.C. 2,Dem.,"D. ROSS
C. VILLAVERDE",D. ROSS,C. VILLAVERDE
Ohio 10,Rep.,"D. ESRATI
M. TURNER",D. ESRATI,M. TURNER
Ga. 11,Rep.,"A. DAZA
B. LOUDERMILK",A. DAZA,B. LOUDERMILK
Utah 2,Rep.,"N. MITCHELL
C. STEWART",N. MITCHELL,C. STEWART
Tex. 32,Dem.,"C. ALLRED
A. SWAD",C. ALLRED,A. SWAD
Calif. 38,Dem.,"L. SÁNCHEZ
E. CHING",L. SÁNCHEZ,E. CHING
Wash. 1,Dem.,"S. DelBENE
V. CAVALERI",S. DelBENE,V. CAVALERI
Kan. 2,Rep.,"P. SCHMIDT
J. LATURNER",P. SCHMIDT,J. LATURNER
Calif. 1,Rep.,"M. STEINER
D. LAMALFA",M. STEINER,D. LAMALFA
Ind. 5,Rep.,"J. LAKE
V. SPARTZ",J. LAKE,V. SPARTZ
S.C. 7,Open,"D. SCOTT
R. FRY",D. SCOTT,R. FRY
Nev. 2,Rep.,"E. KRAUSE
M. AMODEI",E. KRAUSE,M. AMODEI
Pa. 16,Rep.,"D. PASTORE
M. KELLY",D. PASTORE,M. KELLY
Calif. 50,Dem.,"S. PETERS
C. GUSTAFSON",S. PETERS,C. GUSTAFSON
Calif. 46,Dem.,"L. CORREA
C. GONZALES",L. CORREA,C. GONZALES
S.C. 5,Rep.,"E. HUNDLEY
R. NORMAN",E. HUNDLEY,R. NORMAN
Fla. 3,Rep.,"D. HAWK
K. CAMMACK",D. HAWK,K. CAMMACK
Fla. 17,Rep.,"A. KALE
G. STEUBE",A. KALE,G. STEUBE
Tex. 16,Dem.,"V. ESCOBAR
I. JACKSON",V. ESCOBAR,I. JACKSON
Calif. 35,Dem.,"N. TORRES
M. CARGILE",N. TORRES,M. CARGILE
Tex. 24,Rep.,"J. McDOWELL
B. VAN DUYNE",J. McDOWELL,B. VAN DUYNE
Md. 1,Rep.,"H. MIZEUR
A. HARRIS",H. MIZEUR,A. HARRIS
Mass. 6,Dem.,"S. MOULTON
R. MAY",S. MOULTON,R. MAY
Wis. 7,Rep.,"R. AUSMAN
T. TIFFANY",R. AUSMAN,T. TIFFANY
Mich. 1,Rep.,"B. LORINSER
J. BERGMAN",B. LORINSER,J. BERGMAN
Tex. 10,Rep.,"L. NUNO
M. McCAUL",L. NUNO,M. McCAUL
N.C. 4,Open,"V. FOUSHEE
C. GEELS",V. FOUSHEE,C. GEELS
Tenn. 7,Rep.,"O. KELLY
M. GREEN",O. KELLY,M. GREEN
Hawaii 2,Open,"J. TOKUDA
J. AKANA",J. TOKUDA,J. AKANA
Va. 4,Dem.,"A. McEACHIN
L. BENJAMIN",A. McEACHIN,L. BENJAMIN
Tex. 7,Dem.,"L. FLETCHER
J. TEAGUE",L. FLETCHER,J. TEAGUE
Tex. 22,Rep.,"J. JORDAN
T. NEHLS",J. JORDAN,T. NEHLS
Mass. 2,Dem.,"J. McGOVERN
J. PAQUETTE",J. McGOVERN,J. PAQUETTE
N.C. 5,Rep.,"K. PARRISH
V. FOXX",K. PARRISH,V. FOXX
Mich. 6,Dem.,"D. DINGELL
W. WILLIAMS",D. DINGELL,W. WILLIAMS
Calif. 28,Dem.,"J. CHU
W. HALLMAN",J. CHU,W. HALLMAN
Tex. 21,Rep.,"C. ZAPATA
C. ROY",C. ZAPATA,C. ROY
Tex. 38,Open,"D. KLUSSMANN
W. HUNT",D. KLUSSMANN,W. HUNT
Tex. 17,Rep.,"M. WOODS
P. SESSIONS",M. WOODS,P. SESSIONS
Pa. 11,Rep.,"B. HOLLISTER
L. SMUCKER",B. HOLLISTER,L. SMUCKER
Miss. 2,Dem.,"B. THOMPSON
B. FLOWERS",B. THOMPSON,B. FLOWERS
Ind. 7,Dem.,"A. CARSON
A. GRABOVSKY",A. CARSON,A. GRABOVSKY
La. 4,Open,"–
–",–,–
Minn. 6,Rep.,"J. HENDRICKS
T. EMMER",J. HENDRICKS,T. EMMER
Fla. 8,Rep.,"J. TERRY
B. POSEY",J. TERRY,B. POSEY
Tex. 5,Rep.,"T. HILL
L. GOODEN",T. HILL,L. GOODEN
S.C. 6,Dem.,"J. CLYBURN
D. BUCKNER",J. CLYBURN,D. BUCKNER
Tex. 20,Dem.,"J. CASTRO
K. SINCLAIR",J. CASTRO,K. SINCLAIR
Okla. 5,Rep.,"J. TILL
S. BICE",J. TILL,S. BICE
Ohio 14,Rep.,"M. KILBOY
D. JOYCE",M. KILBOY,D. JOYCE
Wash. 4,Rep.,"D. WHITE
D. NEWHOUSE",D. WHITE,D. NEWHOUSE
Wis. 8,Rep.,"J. HANCOCK
M. GALLAGHER",J. HANCOCK,M. GALLAGHER
Vt.,Open,"B. BALINT
L. MADDEN",B. BALINT,L. MADDEN
Minn. 4,Dem.,"B. McCOLLUM
M. XIONG",B. McCOLLUM,M. XIONG
Ind. 2,Open,"P. STEURY
R. YAKYM",P. STEURY,R. YAKYM
Utah 1,Rep.,"R. JONES
B. MOORE",R. JONES,B. MOORE
Va. 3,Dem.,"R. SCOTT
T. NAMKUNG",R. SCOTT,T. NAMKUNG
Md. 5,Dem.,"S. HOYER
C. PALOMBI",S. HOYER,C. PALOMBI
Okla. 1,Rep.,"A. MARTIN
K. HERN",A. MARTIN,K. HERN
Ariz. 5,Rep.,"J. RAMOS
A. BIGGS",J. RAMOS,A. BIGGS
Ill. 1,Open,"J. JACKSON
E. CARLSON",J. JACKSON,E. CARLSON
Kan. 4,Rep.,"BOB HERNANDEZ
R. ESTES",BOB HERNANDEZ,R. ESTES
N.Y. 21,Rep.,"M. CASTELLI
E. STEFANIK",M. CASTELLI,E. STEFANIK
Ala. 7,Dem.,"T. SEWELL
B. NICHOLS",T. SEWELL,B. NICHOLS
Tex. 27,Rep.,"M. PEREZ
M. CLOUD",M. PEREZ,M. CLOUD
Ala. 5,Open,"K. STANTON
D. STRONG",K. STANTON,D. STRONG
Tex. 14,Rep.,"M. WILLIAMS
R. WEBER",M. WILLIAMS,R. WEBER
Colo. 2,Dem.,"J. NEGUSE
M. DAWSON",J. NEGUSE,M. DAWSON
Va. 11,Dem.,"G. CONNOLLY
J. MYLES",G. CONNOLLY,J. MYLES
Mich. 5,Rep.,"B. GOLDBERG
T. WALBERG",B. GOLDBERG,T. WALBERG
Ga. 8,Rep.,"D. BUTLER
A. SCOTT",D. BUTLER,A. SCOTT
Va. 6,Rep.,"J. LEWIS
B. CLINE",J. LEWIS,B. CLINE
Calif. 52,Dem.,"J. VARGAS
T. GEFFENEY",J. VARGAS,T. GEFFENEY
Ga. 3,Rep.,"V. ALMONORD
D. FERGUSON",V. ALMONORD,D. FERGUSON
Ohio 8,Rep.,"V. ENOCH
W. DAVIDSON",V. ENOCH,W. DAVIDSON
Ill. 9,Dem.,"J. SCHAKOWSKY
M. RICE",J. SCHAKOWSKY,M. RICE
Ore. 1,Dem.,"S. BONAMICI
C. MANN",S. BONAMICI,C. MANN
Ohio 6,Rep.,"L. LYRAS
B. JOHNSON",L. LYRAS,B. JOHNSON
Ill. 3,Open,"D. RAMIREZ
J. BURAU",D. RAMIREZ,J. BURAU
Calif. 36,Dem.,"T. LIEU
J. COLLINS",T. LIEU,J. COLLINS
N.Y. 26,Dem.,"B. HIGGINS
S. SAMS",B. HIGGINS,S. SAMS
Colo. 4,Rep.,"I. McCORKLE
K. BUCK",I. McCORKLE,K. BUCK
Fla. 19,Rep.,"C. BANYAI
B. DONALDS",C. BANYAI,B. DONALDS
La. 5,Open,"–
–",–,–
Ill. 2,Dem.,"R. KELLY
T. LYNCH",R. KELLY,T. LYNCH
Calif. 42,Open,"R. GARCIA
J. BRISCOE",R. GARCIA,J. BRISCOE
W.Va. 2,Rep.,"B. WENDELL
A. MOONEY",B. WENDELL,A. MOONEY
Hawaii 1,Dem.,"E. CASE
C. KRESS",E. CASE,C. KRESS
N.Y. 6,Dem.,"G. MENG
T. ZMICH",G. MENG,T. ZMICH
N.C. 3,Rep.,"B. GASKINS
G. MURPHY",B. GASKINS,G. MURPHY
Calif. 14,Dem.,"E. SWALWELL
A. HAYDEN",E. SWALWELL,A. HAYDEN
Ill. 5,Dem.,"M. QUIGLEY
T. HANSON",M. QUIGLEY,T. HANSON
Ind. 9,Open,"M. FYFE
E. HOUCHIN",M. FYFE,E. HOUCHIN
Calif. 4,Dem.,"M. THOMPSON
M. BROCK",M. THOMPSON,M. BROCK
Tex. 35,Open,"G. CASAR
D. McQUEEN",G. CASAR,D. McQUEEN
Ark. 3,Rep.,"L. HAYS
S. WOMACK",L. HAYS,S. WOMACK
Tex. 29,Dem.,"S. GARCIA
R. SCHAFRANEK",S. GARCIA,R. SCHAFRANEK
Utah 4,Rep.,"D. McDONALD
B. OWENS",D. McDONALD,B. OWENS
Idaho 2,Rep.,"W. NORMAN
M. SIMPSON",W. NORMAN,M. SIMPSON
Tex. 2,Rep.,"R. FULFORD
D. CRENSHAW",R. FULFORD,D. CRENSHAW
Tex. 8,Open,"L. JONES
M. LUTTRELL",L. JONES,M. LUTTRELL
Ga. 10,Open,"T. GREEN
M. COLLINS",T. GREEN,M. COLLINS
Tenn. 6,Rep.,"R. COOPER
J. ROSE",R. COOPER,J. ROSE
Wis. 5,Rep.,"M. SOMEREN
S. FITZGERALD",M. SOMEREN,S. FITZGERALD
Calif. 18,Dem.,"Z. LOFGREN
PETER HERNANDEZ",Z. LOFGREN,PETER HERNANDEZ
Tex. 12,Rep.,"T. HUNT
K. GRANGER",T. HUNT,K. GRANGER
Ore. 2,Rep.,"J. YETTER
C. BENTZ",J. YETTER,C. BENTZ
N.J. 8,Open,"R. MENENDEZ
M. ARROYO",R. MENENDEZ,M. ARROYO
Fla. 26,Rep.,"C. OLIVO
M. BALART",C. OLIVO,M. BALART
Tex. 4,Rep.,"I. OMERE
P. FALLON",I. OMERE,P. FALLON
Ind. 4,Rep.,"R. DAY
J. BAIRD",R. DAY,J. BAIRD
Ohio 3,Dem.,"J. BEATTY
L. STAHLEY",J. BEATTY,L. STAHLEY
Calif. 7,Dem.,"D. MATSUI
M. SEMENENKO",D. MATSUI,M. SEMENENKO
N.Y. 16,Dem.,"J. BOWMAN
M. FLISSER",J. BOWMAN,M. FLISSER
Miss. 3,Rep.,"S. YOUNG
M. GUEST",S. YOUNG,M. GUEST
Calif. 32,Dem.,"B. SHERMAN
L. VOLOTZKY",B. SHERMAN,L. VOLOTZKY
Tenn. 4,Rep.,"W. STEELE
S. DESJARLAIS",W. STEELE,S. DESJARLAIS
Calif. 20,Rep.,"M. WOOD
K. McCARTHY",M. WOOD,K. McCARTHY
Wis. 2,Dem.,"M. POCAN
E. OLSEN",M. POCAN,E. OLSEN
Fla. 1,Rep.,"R. JONES
M. GAETZ",R. JONES,M. GAETZ
Ohio 12,Rep.,"A. ELTON
T. BALDERSON",A. ELTON,T. BALDERSON
Mont. 2,Rep.,"P. RONNING
M. ROSENDALE",P. RONNING,M. ROSENDALE
La. 6,Open,"–
–",–,–
Ill. 16,Rep.,"E. HADERLEIN
D. LAHOOD",E. HADERLEIN,D. LAHOOD
Ind. 8,Rep.,"R. McCORMICK
L. BUCSHON",R. McCORMICK,L. BUCSHON
Ky. 4,Rep.,"M. LEHMAN
T. MASSIE",M. LEHMAN,T. MASSIE
Tex. 18,Dem.,"S. LEE
C. MONTIEL",S. LEE,C. MONTIEL
Okla. 4,Rep.,"M. BRANNON
T. COLE",M. BRANNON,T. COLE
Iowa 4,Rep.,"R. MELTON
R. FEENSTRA",R. MELTON,R. FEENSTRA
N.J. 4,Rep.,"M. JENKINS
C. SMITH",M. JENKINS,C. SMITH
Calif. 17,Dem.,"R. KHANNA
R. TANDON",R. KHANNA,R. TANDON
Wash. 9,Dem.,"S. SMITH
D. BASLER",S. SMITH,D. BASLER
Mo. 3,Rep.,"B. MANN
B. LUETKEMEYER",B. MANN,B. LUETKEMEYER
Mich. 9,Rep.,"B. JAYE
L. McCLAIN",B. JAYE,L. McCLAIN
Calif. 19,Dem.,"J. PANETTA
J. GORMAN",J. PANETTA,J. GORMAN
Ala. 3,Rep.,"L. VEASEY
M. ROGERS",L. VEASEY,M. ROGERS
Ohio 5,Rep.,"C. SWARTZ
B. LATTA",C. SWARTZ,B. LATTA
Calif. 44,Dem.,"N. BARRAGÁN
P. JONES",N. BARRAGÁN,P. JONES
Kan. 1,Rep.,"J. BEARD
T. MANN",J. BEARD,T. MANN
Mass. 8,Dem.,"S. LYNCH
R. BURKE",S. LYNCH,R. BURKE
N.C. 8,Rep.,"S. HUFFMAN
D. BISHOP",S. HUFFMAN,D. BISHOP
Ind. 3,Rep.,"G. SNYDER
J. BANKS",G. SNYDER,J. BANKS
W.Va. 1,Rep.,"L. WATSON
C. MILLER",L. WATSON,C. MILLER
Tenn. 3,Rep.,"M. GORMAN
C. FLEISCHMANN",M. GORMAN,C. FLEISCHMANN
La. 3,Open,"–
–",–,–
Ala. 2,Rep.,"P. HALL
B. MOORE",P. HALL,B. MOORE
Pa. 2,Dem.,"B. BOYLE
A. BASHIR",B. BOYLE,A. BASHIR
Utah 3,Rep.,"G. WRIGHT
J. CURTIS",G. WRIGHT,J. CURTIS
Tex. 36,Rep.,"J. HAIRE
B. BABIN",J. HAIRE,B. BABIN
Tex. 33,Dem.,"M. VEASEY
P. GILLESPIE",M. VEASEY,P. GILLESPIE
Ill. 4,Dem.,"J. GARCIA
J. FALAKOS",J. GARCIA,J. FALAKOS
Ark. 4,Rep.,"J. WHITE
B. WESTERMAN",J. WHITE,B. WESTERMAN
Tenn. 2,Rep.,"M. HARMON
T. BURCHETT",M. HARMON,T. BURCHETT
Mich. 13,Open,"S. THANEDAR
M. BIVINGS",S. THANEDAR,M. BIVINGS
Pa. 9,Rep.,"A. WALDMAN
D. MEUSER",A. WALDMAN,D. MEUSER
Tenn. 9,Dem.,"S. COHEN
C. BERGMANN",S. COHEN,C. BERGMANN
N.C. 10,Rep.,"P. GENANT
P. McHENRY",P. GENANT,P. McHENRY
Va. 9,Rep.,"T. DEVAUGHAN
G. GRIFFITH",T. DEVAUGHAN,G. GRIFFITH
Ind. 6,Rep.,"C. WIRTH
G. PENCE",C. WIRTH,G. PENCE
Miss. 1,Rep.,"D. BLACK
T. KELLY",D. BLACK,T. KELLY
Miss. 4,Open,"J. DUPREE
M. EZELL",J. DUPREE,M. EZELL
Mich. 2,Rep.,"J. HILLIARD
J. MOOLENAAR",J. HILLIARD,J. MOOLENAAR
Fla. 20,Dem.,"S. McCORMICK
D. CLARK",S. McCORMICK,D. CLARK
Mo. 4,Open,"J. TRUMAN
M. ALFORD",J. TRUMAN,M. ALFORD
Fla. 12,Rep.,"K. WALKER
G. BILIRAKIS",K. WALKER,G. BILIRAKIS
Ariz. 3,Dem.,"R. GALLEGO
J. ZINK",R. GALLEGO,J. ZINK
Calif. 8,Dem.,"J. GARAMENDI
R. RECILE",J. GARAMENDI,R. RECILE
Minn. 7,Rep.,"J. ABAHSAIN
M. FISCHBACH",J. ABAHSAIN,M. FISCHBACH
Mo. 7,Open,"K. SHEAFER
E. BURLISON",K. SHEAFER,E. BURLISON
Va. 8,Dem.,"D. BEYER
K. LIPSMAN",D. BEYER,K. LIPSMAN
Ohio 4,Rep.,"T. WILSON
J. JORDAN",T. WILSON,J. JORDAN
Idaho 1,Rep.,"K. PETERSON
R. FULCHER",K. PETERSON,R. FULCHER
Mich. 12,Dem.,"R. TLAIB
S. ELLIOTT",R. TLAIB,S. ELLIOTT
Pa. 15,Rep.,"M. MOLESEVICH
G. THOMPSON",M. MOLESEVICH,G. THOMPSON
Tex. 37,Dem.,"L. DOGGETT
J. SHARON",L. DOGGETT,J. SHARON
Ill. 12,Rep.,"H. MARKEL
M. BOST",H. MARKEL,M. BOST
Wis. 4,Dem.,"G. MOORE
T. ROGERS",G. MOORE,T. ROGERS
Ore. 3,Dem.,"E. BLUMENAUER
J. HARBOUR",E. BLUMENAUER,J. HARBOUR
Ga. 4,Dem.,"H. JOHNSON
J. CHAVEZ",H. JOHNSON,J. CHAVEZ
Calif. 2,Dem.,"J. HUFFMAN
D. BROWER",J. HUFFMAN,D. BROWER
Tenn. 8,Rep.,"L. WILLIAMS
D. KUSTOFF",L. WILLIAMS,D. KUSTOFF
La. 2,Dem.,"T. CARTER
D. LUX",T. CARTER,D. LUX
Fla. 24,Dem.,"F. WILSON
J. NAVARRO",F. WILSON,J. NAVARRO
Mass. 5,Dem.,"K. CLARK
C. COLARUSSO",K. CLARK,C. COLARUSSO
Ill. 15,Rep.,"P. LANGE
M. MILLER",P. LANGE,M. MILLER
Ky. 2,Rep.,"H. LINDERMAN
B. GUTHRIE",H. LINDERMAN,B. GUTHRIE
Tex. 1,Open,"J. JEFFERSON
N. MORAN",J. JEFFERSON,N. MORAN
Ky. 1,Rep.,"J. AUSBROOKS
J. COMER",J. AUSBROOKS,J. COMER
Tex. 30,Open,"J. CROCKETT
J. RODGERS",J. CROCKETT,J. RODGERS
Mo. 6,Rep.,"H. MARTIN
S. GRAVES",H. MARTIN,S. GRAVES
Ohio 11,Dem.,"S. BROWN
E. BREWER",S. BROWN,E. BREWER
Minn. 5,Dem.,"I. OMAR
CICELY DAVIS",I. OMAR,CICELY DAVIS
Tex. 9,Dem.,"A. GREEN
J. LEON",A. GREEN,J. LEON
N.Y. 14,Dem.,"A. OCASIO-CORTEZ
T. FORTE",A. OCASIO-CORTEZ,T. FORTE
Ga. 13,Dem.,"D. SCOTT
C. GONZALES",D. SCOTT,C. GONZALES
Ark. 1,Rep.,"M. HODGES
R. CRAWFORD",M. HODGES,R. CRAWFORD
Calif. 43,Dem.,"M. WATERS
O. NAVARRO",M. WATERS,O. NAVARRO
Okla. 3,Rep.,"J. ROSS
F. LUCAS",J. ROSS,F. LUCAS
Wyo.,Open,"L. BULL
H. HAGEMAN",L. BULL,H. HAGEMAN
Md. 7,Dem.,"K. MFUME
S. COLLIER",K. MFUME,S. COLLIER
N.Y. 9,Dem.,"Y. CLARKE
M. RAITPORT",Y. CLARKE,M. RAITPORT
Colo. 1,Dem.,"D. DeGETTE
J. QUALTERI",D. DeGETTE,J. QUALTERI
Ga. 9,Rep.,"M. FORD
A. CLYDE",M. FORD,A. CLYDE
N.Y. 5,Dem.,"G. MEEKS
P. KING",G. MEEKS,P. KING
Ga. 14,Rep.,"M. FLOWERS
M. GREENE",M. FLOWERS,M. GREENE
Tex. 13,Rep.,"K. BROWN
R. JACKSON",K. BROWN,R. JACKSON
La. 1,Rep.,"K. DARLING
S. SCALISE",K. DARLING,S. SCALISE
Ohio 2,Rep.,"S. MEADOWS
B. WENSTRUP",S. MEADOWS,B. WENSTRUP
Md. 8,Dem.,"J. RASKIN
G. COLL",J. RASKIN,G. COLL
Mo. 1,Dem.,"C. BUSH
A. JONES",C. BUSH,A. JONES
N.Y. 8,Dem.,"H. JEFFRIES
Y. DASHEVSKY",H. JEFFRIES,Y. DASHEVSKY
Tenn. 1,Rep.,"C. PARSONS
D. HARSHBARGER",C. PARSONS,D. HARSHBARGER
Okla. 2,Open,"N. ANDREWS
J. BRECHEEN",N. ANDREWS,J. BRECHEEN
Mo. 8,Rep.,"R. McCALLIAN
J. SMITH",R. McCALLIAN,J. SMITH
Neb. 3,Rep.,"D. ELSE
A. SMITH",D. ELSE,A. SMITH
N.J. 10,Dem.,"D. PAYNE
D. PINCKNEY",D. PAYNE,D. PINCKNEY
N.Y. 7,Dem.,"N. VELAZQUEZ
J. PAGAN",N. VELAZQUEZ,J. PAGAN
Ky. 5,Rep.,"C. HALBLEIB
H. ROGERS",C. HALBLEIB,H. ROGERS
N.Y. 10,Open,"D. GOLDMAN
B. HAMDAN",D. GOLDMAN,B. HAMDAN
Mass. 7,Dem.,"A. PRESSLEY
D. PALMER",A. PRESSLEY,D. PALMER
N.Y. 15,Dem.,"R. TORRES
S. SAPASKIS",R. TORRES,S. SAPASKIS
Ala. 4,Rep.,"R. NEIGHBORS
R. ADERHOLT",R. NEIGHBORS,R. ADERHOLT
N.Y. 12,Dem.,"J. NADLER
M. ZUMBLUSKAS",J. NADLER,M. ZUMBLUSKAS
Ga. 5,Dem.,"N. WILLIAMS
C. ZIMM",N. WILLIAMS,C. ZIMM
Wash. 7,Dem.,"P. JAYAPAL
C. MOON",P. JAYAPAL,C. MOON
Calif. 11,Dem.,"N. PELOSI
J. DENNIS",N. PELOSI,J. DENNIS
Md. 4,Open,"G. GLENNEY
J. WARNER",G. GLENNEY,J. WARNER
Calif. 12,Dem.,"B. LEE
S. SLAUSON",B. LEE,S. SLAUSON
Ala. 1,Rep.,"–
J. CARL",–,J. CARL
Ala. 6,Rep.,"–
G. PALMER",–,G. PALMER
Ariz. 8,Rep.,"–
D. LESKO",–,D. LESKO
Ariz. 9,Rep.,"–
P. GOSAR",–,P. GOSAR
Calif. 10,Dem.,"M. DeSAULNIER
–",M. DeSAULNIER,–
Calif. 15,Open,"–
–",–,–
Calif. 16,Dem.,"–
–",–,–
Calif. 29,Dem.,"–
–",–,–
Calif. 30,Dem.,"–
–",–,–
Calif. 34,Dem.,"–
–",–,–
Calif. 37,Open,"–
–",–,–
Fla. 6,Rep.,"–
M. WALTZ",–,M. WALTZ
Fla. 18,Rep.,"–
S. FRANKLIN",–,S. FRANKLIN
Ill. 7,Dem.,"DANNY DAVIS
–",DANNY DAVIS,–
Mass. 4,Dem.,"J. AUCHINCLOSS
–",J. AUCHINCLOSS,–
N.D.,Rep.,"–
K. ARMSTRONG",–,K. ARMSTRONG
N.Y. 13,Dem.,"A. ESPAILLAT
–",A. ESPAILLAT,–
Pa. 3,Dem.,"D. EVANS
–",D. EVANS,–
Pa. 13,Rep.,"–
J. JOYCE",–,J. JOYCE
Pa. 14,Rep.,"–
G. RESCHENTHALER",–,G. RESCHENTHALER
S.C. 3,Rep.,"–
J. DUNCAN",–,J. DUNCAN
S.C. 4,Rep.,"–
W. TIMMONS",–,W. TIMMONS
S.D.,Rep.,"–
D. JOHNSON",–,D. JOHNSON
Tex. 6,Rep.,"–
J. ELLZEY",–,J. ELLZEY
Tex. 11,Rep.,"–
A. PFLUGER",–,A. PFLUGER
Tex. 19,Rep.,"–
J. ARRINGTON",–,J. ARRINGTON
Tex. 25,Rep.,"–
R. WILLIAMS",–,R. WILLIAMS
Tex. 26,Rep.,"–
M. BURGESS",–,M. BURGESS
Tex. 31,Rep.,"–
J. CARTER",–,J. CARTER
Wis. 6,Rep.,"–
G. GROTHMAN",–,G. GROTHMAN